-- ================================================================
-- MUST ERP - Sample Data
-- สำหรับโรงงานเครื่องดื่มโปรตีนจากอกไก่
-- ================================================================

-- ================================================================
-- 1. MASTER DATA
-- ================================================================

-- Units of Measure
INSERT INTO units_of_measure (id, code, name, type) VALUES
('a0000001-0000-0000-0000-000000000001', 'KG', 'กิโลกรัม', 'WEIGHT'),
('a0000001-0000-0000-0000-000000000002', 'G', 'กรัม', 'WEIGHT'),
('a0000001-0000-0000-0000-000000000003', 'L', 'ลิตร', 'VOLUME'),
('a0000001-0000-0000-0000-000000000004', 'ML', 'มิลลิลิตร', 'VOLUME'),
('a0000001-0000-0000-0000-000000000005', 'PC', 'ชิ้น', 'PIECE'),
('a0000001-0000-0000-0000-000000000006', 'BTL', 'ขวด', 'PIECE'),
('a0000001-0000-0000-0000-000000000007', 'BOX', 'กล่อง', 'PIECE'),
('a0000001-0000-0000-0000-000000000008', 'PAL', 'พาเลท', 'PIECE');

-- UOM Conversions
INSERT INTO uom_conversions (from_uom_id, to_uom_id, conversion_factor) VALUES
('a0000001-0000-0000-0000-000000000001', 'a0000001-0000-0000-0000-000000000002', 1000),   -- 1 KG = 1000 G
('a0000001-0000-0000-0000-000000000003', 'a0000001-0000-0000-0000-000000000004', 1000);   -- 1 L = 1000 ML

-- Categories
INSERT INTO categories (id, code, name, type, description) VALUES
('b0000001-0000-0000-0000-000000000001', 'RM-MEAT', 'วัตถุดิบ - เนื้อสัตว์', 'RAW_MATERIAL', 'เนื้อไก่และผลิตภัณฑ์จากไก่'),
('b0000001-0000-0000-0000-000000000002', 'RM-PROTEIN', 'วัตถุดิบ - โปรตีน', 'RAW_MATERIAL', 'Whey Protein และโปรตีนเสริม'),
('b0000001-0000-0000-0000-000000000003', 'RM-ADDITIVE', 'วัตถุดิบ - สารเติมแต่ง', 'RAW_MATERIAL', 'สารให้ความหวาน สารกันบูด'),
('b0000001-0000-0000-0000-000000000004', 'RM-WATER', 'วัตถุดิบ - น้ำ', 'RAW_MATERIAL', 'น้ำบริสุทธิ์สำหรับผลิต'),
('b0000001-0000-0000-0000-000000000005', 'PKG-BOTTLE', 'บรรจุภัณฑ์ - ขวด', 'PACKAGING', 'ขวดพลาสติก PET'),
('b0000001-0000-0000-0000-000000000006', 'PKG-CAP', 'บรรจุภัณฑ์ - ฝา', 'PACKAGING', 'ฝาขวด'),
('b0000001-0000-0000-0000-000000000007', 'PKG-LABEL', 'บรรจุภัณฑ์ - ฉลาก', 'PACKAGING', 'ฉลากสินค้า'),
('b0000001-0000-0000-0000-000000000008', 'PKG-CARTON', 'บรรจุภัณฑ์ - กล่อง', 'PACKAGING', 'กล่องลังบรรจุ'),
('b0000001-0000-0000-0000-000000000009', 'FG-DRINK', 'สินค้าสำเร็จรูป - เครื่องดื่ม', 'FINISHED_GOOD', 'เครื่องดื่มโปรตีน'),
('b0000001-0000-0000-0000-000000000010', 'SF-BLEND', 'กึ่งสำเร็จรูป - ส่วนผสม', 'SEMI_FINISHED', 'ส่วนผสมที่ปั่นแล้ว');

-- Suppliers
INSERT INTO suppliers (id, code, name, contact_name, phone, email, address) VALUES
('c0000001-0000-0000-0000-000000000001', 'SUP-001', 'บริษัท ไก่ทองฟาร์ม จำกัด', 'คุณสมชาย', '081-234-5678', 'somchai@kaithongfarm.co.th', '123 ถ.เพชรเกษม นครปฐม'),
('c0000001-0000-0000-0000-000000000002', 'SUP-002', 'บริษัท โปรตีนพลัส จำกัด', 'คุณสมหญิง', '089-876-5432', 'contact@proteinplus.co.th', '456 ถ.บางนา สมุทรปราการ'),
('c0000001-0000-0000-0000-000000000003', 'SUP-003', 'บริษัท แพ็คเก็จจิ้ง ไทย จำกัด', 'คุณวิชัย', '082-111-2222', 'sales@packagingthai.co.th', '789 ถ.พระราม2 สมุทรสาคร');

-- Items - Raw Materials
INSERT INTO items (id, code, name, category_id, base_uom_id, track_lot, track_expiry, shelf_life_days, min_stock_qty, cost_method, standard_cost) VALUES
-- เนื้อไก่
('d0000001-0000-0000-0000-000000000001', 'RM-CHICKEN-001', 'อกไก่สดไม่มีหนัง', 'b0000001-0000-0000-0000-000000000001', 'a0000001-0000-0000-0000-000000000001', TRUE, TRUE, 5, 100, 'FIFO', 120.00),
('d0000001-0000-0000-0000-000000000002', 'RM-CHICKEN-002', 'อกไก่แช่แข็ง', 'b0000001-0000-0000-0000-000000000001', 'a0000001-0000-0000-0000-000000000001', TRUE, TRUE, 180, 500, 'FIFO', 95.00),

-- โปรตีน
('d0000001-0000-0000-0000-000000000003', 'RM-WHEY-001', 'Whey Protein Isolate', 'b0000001-0000-0000-0000-000000000002', 'a0000001-0000-0000-0000-000000000001', TRUE, TRUE, 365, 50, 'AVERAGE', 450.00),
('d0000001-0000-0000-0000-000000000004', 'RM-WHEY-002', 'Whey Protein Concentrate', 'b0000001-0000-0000-0000-000000000002', 'a0000001-0000-0000-0000-000000000001', TRUE, TRUE, 365, 50, 'AVERAGE', 280.00),

-- สารเติมแต่ง
('d0000001-0000-0000-0000-000000000005', 'RM-ADD-001', 'สารให้ความหวาน Sucralose', 'b0000001-0000-0000-0000-000000000003', 'a0000001-0000-0000-0000-000000000001', TRUE, TRUE, 730, 5, 'AVERAGE', 1200.00),
('d0000001-0000-0000-0000-000000000006', 'RM-ADD-002', 'กลิ่นวนิลา Food Grade', 'b0000001-0000-0000-0000-000000000003', 'a0000001-0000-0000-0000-000000000003', TRUE, TRUE, 365, 10, 'AVERAGE', 800.00),
('d0000001-0000-0000-0000-000000000007', 'RM-ADD-003', 'สารกันบูด โซเดียมเบนโซเอต', 'b0000001-0000-0000-0000-000000000003', 'a0000001-0000-0000-0000-000000000001', TRUE, TRUE, 730, 10, 'AVERAGE', 150.00),

-- น้ำ
('d0000001-0000-0000-0000-000000000008', 'RM-WATER-001', 'น้ำบริสุทธิ์ RO', 'b0000001-0000-0000-0000-000000000004', 'a0000001-0000-0000-0000-000000000003', FALSE, FALSE, NULL, 1000, 'AVERAGE', 5.00);

-- Items - Packaging
INSERT INTO items (id, code, name, category_id, base_uom_id, track_lot, track_expiry, shelf_life_days, min_stock_qty, cost_method, standard_cost) VALUES
('d0000001-0000-0000-0000-000000000009', 'PKG-BTL-350', 'ขวด PET 350ml ใส', 'b0000001-0000-0000-0000-000000000005', 'a0000001-0000-0000-0000-000000000005', TRUE, FALSE, NULL, 5000, 'AVERAGE', 3.50),
('d0000001-0000-0000-0000-000000000010', 'PKG-CAP-001', 'ฝาขวดสีขาว 38mm', 'b0000001-0000-0000-0000-000000000006', 'a0000001-0000-0000-0000-000000000005', TRUE, FALSE, NULL, 5000, 'AVERAGE', 0.80),
('d0000001-0000-0000-0000-000000000011', 'PKG-LBL-001', 'ฉลากเครื่องดื่มโปรตีน Original', 'b0000001-0000-0000-0000-000000000007', 'a0000001-0000-0000-0000-000000000005', TRUE, FALSE, NULL, 5000, 'AVERAGE', 1.20),
('d0000001-0000-0000-0000-000000000012', 'PKG-CTN-012', 'กล่องลัง 12 ขวด', 'b0000001-0000-0000-0000-000000000008', 'a0000001-0000-0000-0000-000000000005', FALSE, FALSE, NULL, 500, 'AVERAGE', 15.00);

-- Items - Finished Goods
INSERT INTO items (id, code, name, category_id, base_uom_id, track_lot, track_expiry, shelf_life_days, min_stock_qty, cost_method, standard_cost) VALUES
('d0000001-0000-0000-0000-000000000013', 'FG-PRO-001', 'เครื่องดื่มโปรตีนไก่ Original 350ml', 'b0000001-0000-0000-0000-000000000009', 'a0000001-0000-0000-0000-000000000006', TRUE, TRUE, 90, 500, 'AVERAGE', 25.00),
('d0000001-0000-0000-0000-000000000014', 'FG-PRO-002', 'เครื่องดื่มโปรตีนไก่ Vanilla 350ml', 'b0000001-0000-0000-0000-000000000009', 'a0000001-0000-0000-0000-000000000006', TRUE, TRUE, 90, 500, 'AVERAGE', 27.00),
('d0000001-0000-0000-0000-000000000015', 'FG-PRO-003', 'เครื่องดื่มโปรตีนไก่ Double Protein 350ml', 'b0000001-0000-0000-0000-000000000009', 'a0000001-0000-0000-0000-000000000006', TRUE, TRUE, 90, 300, 'AVERAGE', 35.00);

-- ================================================================
-- 2. WAREHOUSES & LOCATIONS
-- ================================================================

INSERT INTO warehouses (id, code, name, type, temperature_min, temperature_max) VALUES
('e0000001-0000-0000-0000-000000000001', 'WH-RM', 'คลังวัตถุดิบ', 'NORMAL', 20, 30),
('e0000001-0000-0000-0000-000000000002', 'WH-COLD', 'ห้องเย็น', 'COLD_STORAGE', 0, 5),
('e0000001-0000-0000-0000-000000000003', 'WH-PROD', 'คลังระหว่างผลิต', 'PRODUCTION', 18, 25),
('e0000001-0000-0000-0000-000000000004', 'WH-FG', 'คลังสินค้าสำเร็จรูป', 'NORMAL', 20, 30),
('e0000001-0000-0000-0000-000000000005', 'WH-QC', 'คลังกักกัน QC', 'QUARANTINE', 20, 30);

INSERT INTO locations (warehouse_id, code, name, zone, rack, level) VALUES
-- คลังวัตถุดิบ
('e0000001-0000-0000-0000-000000000001', 'RM-A-01-01', 'วัตถุดิบ โซน A ชั้น 1', 'A', '01', '01'),
('e0000001-0000-0000-0000-000000000001', 'RM-A-01-02', 'วัตถุดิบ โซน A ชั้น 2', 'A', '01', '02'),
('e0000001-0000-0000-0000-000000000001', 'RM-B-01-01', 'วัตถุดิบ โซน B ชั้น 1', 'B', '01', '01'),

-- ห้องเย็น
('e0000001-0000-0000-0000-000000000002', 'COLD-A-01', 'ห้องเย็น โซน A', 'A', '01', '01'),
('e0000001-0000-0000-0000-000000000002', 'COLD-B-01', 'ห้องเย็น โซน B', 'B', '01', '01'),

-- คลังสินค้าสำเร็จรูป
('e0000001-0000-0000-0000-000000000004', 'FG-A-01-01', 'สินค้าสำเร็จรูป โซน A ชั้น 1', 'A', '01', '01'),
('e0000001-0000-0000-0000-000000000004', 'FG-A-01-02', 'สินค้าสำเร็จรูป โซน A ชั้น 2', 'A', '01', '02'),
('e0000001-0000-0000-0000-000000000004', 'FG-B-01-01', 'สินค้าสำเร็จรูป โซน B ชั้น 1', 'B', '01', '01');

-- ================================================================
-- 3. RECIPES (สูตรการผลิต)
-- ================================================================

-- Recipe: เครื่องดื่มโปรตีนไก่ Original (100 ขวด/batch)
INSERT INTO recipes (id, code, name, output_item_id, output_qty, output_uom_id, standard_batch_size, expected_yield_percent, version, status, valid_from, instructions) VALUES
('f0000001-0000-0000-0000-000000000001',
 'RCP-PRO-001',
 'สูตรเครื่องดื่มโปรตีนไก่ Original',
 'd0000001-0000-0000-0000-000000000013', -- FG-PRO-001
 100,
 'a0000001-0000-0000-0000-000000000006', -- BTL
 100,
 95.00,
 1,
 'ACTIVE',
 '2026-01-01',
 '1. ต้มอกไก่ที่อุณหภูมิ 85°C เป็นเวลา 45 นาที
2. ปั่นอกไก่กับน้ำส่วนแรก
3. ผสม Whey Protein และสารเติมแต่ง
4. กรองผ่านตะแกรง 100 mesh
5. พาสเจอร์ไรซ์ที่ 72°C 15 วินาที
6. บรรจุขวดร้อน
7. ปิดฝาและติดฉลาก'
);

-- Recipe Lines for Original
INSERT INTO recipe_lines (recipe_id, line_no, item_id, qty_per_batch, uom_id, scrap_percent, is_critical, notes) VALUES
('f0000001-0000-0000-0000-000000000001', 1, 'd0000001-0000-0000-0000-000000000001', 20, 'a0000001-0000-0000-0000-000000000001', 5.00, TRUE, 'อกไก่สด - หลัก'),
('f0000001-0000-0000-0000-000000000001', 2, 'd0000001-0000-0000-0000-000000000008', 25, 'a0000001-0000-0000-0000-000000000003', 0.00, TRUE, 'น้ำบริสุทธิ์'),
('f0000001-0000-0000-0000-000000000001', 3, 'd0000001-0000-0000-0000-000000000003', 3, 'a0000001-0000-0000-0000-000000000001', 0.00, TRUE, 'Whey Protein Isolate'),
('f0000001-0000-0000-0000-000000000001', 4, 'd0000001-0000-0000-0000-000000000005', 0.05, 'a0000001-0000-0000-0000-000000000001', 0.00, FALSE, 'สารให้ความหวาน'),
('f0000001-0000-0000-0000-000000000001', 5, 'd0000001-0000-0000-0000-000000000007', 0.02, 'a0000001-0000-0000-0000-000000000001', 0.00, FALSE, 'สารกันบูด'),
('f0000001-0000-0000-0000-000000000001', 6, 'd0000001-0000-0000-0000-000000000009', 100, 'a0000001-0000-0000-0000-000000000005', 2.00, TRUE, 'ขวด PET'),
('f0000001-0000-0000-0000-000000000001', 7, 'd0000001-0000-0000-0000-000000000010', 100, 'a0000001-0000-0000-0000-000000000005', 2.00, TRUE, 'ฝาขวด'),
('f0000001-0000-0000-0000-000000000001', 8, 'd0000001-0000-0000-0000-000000000011', 100, 'a0000001-0000-0000-0000-000000000005', 1.00, TRUE, 'ฉลาก');

-- ================================================================
-- 4. USERS
-- ================================================================

INSERT INTO users (id, username, email, password_hash, full_name, role, department) VALUES
('g0000001-0000-0000-0000-000000000001', 'admin', 'admin@must-erp.com', '$2b$10$placeholder', 'System Admin', 'ADMIN', 'IT'),
('g0000001-0000-0000-0000-000000000002', 'manager', 'manager@must-erp.com', '$2b$10$placeholder', 'Production Manager', 'MANAGER', 'Production'),
('g0000001-0000-0000-0000-000000000003', 'operator1', 'operator1@must-erp.com', '$2b$10$placeholder', 'สมชาย ใจดี', 'OPERATOR', 'Production'),
('g0000001-0000-0000-0000-000000000004', 'warehouse1', 'warehouse1@must-erp.com', '$2b$10$placeholder', 'สมหญิง คลังดี', 'OPERATOR', 'Warehouse');

-- ================================================================
-- 5. SYSTEM SETTINGS
-- ================================================================

INSERT INTO system_settings (setting_key, setting_value, setting_type, description) VALUES
('COMPANY_NAME', 'MUST Protein Drink Co., Ltd.', 'STRING', 'ชื่อบริษัท'),
('LOT_FORMAT_SUPPLIER', 'SUP-{YYYYMMDD}-{SEQ}', 'STRING', 'รูปแบบเลข Lot วัตถุดิบ'),
('LOT_FORMAT_PRODUCTION', 'PRD-{YYYYMMDD}-{SEQ}', 'STRING', 'รูปแบบเลข Lot สินค้าผลิต'),
('DEFAULT_EXPIRY_ALERT_DAYS', '7', 'NUMBER', 'แจ้งเตือนก่อนหมดอายุกี่วัน'),
('DEFAULT_LOW_STOCK_PERCENT', '20', 'NUMBER', 'แจ้งเตือนเมื่อสต็อกต่ำกว่ากี่ %'),
('ENABLE_LOT_TRACKING', 'true', 'BOOLEAN', 'เปิดใช้งานระบบติดตาม Lot'),
('ENABLE_EXPIRY_TRACKING', 'true', 'BOOLEAN', 'เปิดใช้งานระบบติดตามวันหมดอายุ');

-- ================================================================
-- End of Seed Data
-- ================================================================
